<?xml version="1.0" encoding="UTF-8"?>
<project-private xmlns="http://www.netbeans.org/ns/project-private/1">
    <editor-bookmarks xmlns="http://www.netbeans.org/ns/editor-bookmarks/2" lastBookmarkId="0"/>
    <open-files xmlns="http://www.netbeans.org/ns/projectui-open-files/2">
        <group>
            <file>file:/C:/Users/acer/Documents/GitHub/BIT693_TM4/MaxT/src/maxtcore/Herd.java</file>
            <file>file:/C:/Users/acer/Documents/GitHub/BIT693_TM4/MaxT/src/maxtcore/MilkYield.java</file>
            <file>file:/C:/Users/acer/Documents/GitHub/BIT693_TM4/MaxT/src/maxtcore/MaxTCoord.java</file>
            <file>file:/C:/Users/acer/Documents/GitHub/BIT693_TM4/MaxT/src/maxtcore/Cow.java</file>
            <file>file:/C:/Users/acer/Documents/GitHub/BIT693_TM4/MaxT/src/maxtgui/MaxTGUI.java</file>
            <file>file:/C:/Users/acer/Documents/GitHub/BIT693_TM4/MaxT/src/maxtcore/MilkInterval.java</file>
            <file>file:/C:/Users/acer/Documents/GitHub/BIT693_TM4/MaxT/test/Testing/Package/CoordTest.java</file>
            <file>file:/C:/Users/acer/Documents/GitHub/BIT693_TM4/MaxT/src/maxtcore/Farm.java</file>
        </group>
    </open-files>
</project-private>
